-- Catálogos
INSERT INTO rango_edad(etiqueta) VALUES 
('Niño'),
('Adulto');

INSERT INTO genero(etiqueta) VALUES 
('Masculino'),
('Femenino'),
('Unisex');

INSERT INTO categoria(nombre_categoria) VALUES
('Camisa'),
('Pantalón'),
('Falda'),
('Chaqueta'),
('Vestido'),
('Zapatos'),
('Sudadera'),
('Abrigo'),
('Traje'),
('Short');

INSERT INTO marcas(nombre_marca) VALUES
('Zara'),
('Adidas'),
('Puma'),
('Nike'),
('Gap'),
('H&M'),
('Levis'),
('Under Armour'),
('Gucci'),
('Prada');

INSERT INTO tipos_cambio_stock(tipo) VALUES 
('VENTA'),
('AJUSTE');

-- Clientes
INSERT INTO clientes(nombre,apellido) VALUES
('Héctor', 'Rodríguez'),
('María', 'Sánchez'),
('Gabriela', 'González'),
('Jorge', 'Rodríguez'),
('Verónica', 'Morales'),
('Sofía', 'Ruiz'),
('Mónica', 'Martínez'),
('María', 'Gómez'),
('Valeria', 'González'),
('Víctor', 'Chávez'),
('María', 'Morales'),
('Diego', 'Morales'),
('Roberto', 'González'),
('Raúl', 'Ruiz'),
('Daniela', 'García'),
('Enrique', 'Hernández'),
('Ramón', 'Vásquez'),
('Patricia', 'Sánchez'),
('Lucía', 'Pérez'),
('Enrique', 'Cruz'),
('José', 'Gómez'),
('Andrés', 'Rodríguez'),
('Miguel', 'Flores'),
('Alberto', 'Sánchez'),
('Carlos', 'Torres'),
('Mario', 'Rodríguez'),
('Andrés', 'Gómez'),
('Jimena', 'Ramírez'),
('Héctor', 'Chávez'),
('Laura', 'Ruiz'),
('Diego', 'Gómez'),
('Carlos', 'González'),
('Beatriz', 'Ramírez'),
('Sofía', 'González'),
('José', 'Díaz'),
('Daniela', 'Torres'),
('Héctor', 'Flores'),
('Pedro', 'Flores'),
('Miguel', 'Pérez'),
('Pablo', 'Sánchez'),
('Ramón', 'Gómez'),
('Alberto', 'Hernández'),
('Mario', 'González'),
('Pedro', 'Torres'),
('Andrés', 'Sánchez'),
('Héctor', 'Morales'),
('Fernando', 'Cruz'),
('Beatriz', 'Martínez'),
('Fernando', 'Martínez'),
('Alejandro', 'Díaz'),
('Daniela', 'Gómez'),
('Valeria', 'Ruiz'),
('Andrea', 'Cruz'),
('Valeria', 'Castillo'),
('Isabel', 'Torres'),
('Lucía', 'Sánchez'),
('Jorge', 'González'),
('Estefanía', 'Morales'),
('Mario', 'Sánchez'),
('Estefanía', 'Ruiz'),
('Mónica', 'Ruiz'),
('Isabel', 'Flores'),
('Fernando', 'López'),
('Víctor', 'Castillo'),
('Sofía', 'Martínez'),
('Paula', 'López'),
('Héctor', 'Hernández'),
('Verónica', 'Vásquez'),
('Alberto', 'Gómez'),
('Andrés', 'Díaz'),
('Alberto', 'Torres'),
('Diana', 'Sánchez'),
('Jimena', 'García'),
('Verónica', 'Rodríguez'),
('Verónica', 'Morales'),
('Enrique', 'Sánchez'),
('Beatriz', 'Cruz'),
('Paula', 'Ramírez'),
('Mónica', 'Hernández'),
('Natalia', 'García'),
('Óscar', 'Sánchez'),
('Víctor', 'Hernández'),
('Víctor', 'Rodríguez'),
('Héctor', 'Ramírez'),
('Héctor', 'Ortiz'),
('Alberto', 'Pérez'),
('Lucía', 'Flores'),
('Enrique', 'Hernández'),
('Mario', 'Ortiz'),
('Juan', 'Chávez'),
('Alejandro', 'Castillo'),
('María', 'Rodríguez'),
('Laura', 'Ramírez'),
('Gabriela', 'Martínez'),
('Gabriela', 'Ruiz'),
('Sofía', 'Gómez'),
('Óscar', 'Castillo'),
('Luis', 'Morales'),
('Beatriz', 'López'),
('Jorge', 'Castillo');

INSERT INTO cliente_telefonos(id_cliente,telefono) VALUES
(1, '580-3705'),
(2, '587-7932'),
(3, '579-4295'),
(4, '561-7118'),
(5, '576-8397'),
(6, '538-2049'),
(7, '585-4770'),
(8, '510-2163'),
(9, '517-4750'),
(10, '514-6413'),
(11, '540-5562'),
(12, '537-9834'),
(13, '583-8744'),
(14, '570-7669'),
(15, '522-8062'),
(16, '562-8651'),
(17, '516-2612'),
(18, '553-2790'),
(19, '534-9786'),
(20, '564-4006'),
(21, '541-2235'),
(22, '580-2604'),
(23, '579-1241'),
(24, '540-3724'),
(25, '571-4502'),
(26, '517-3697'),
(27, '559-5345'),
(28, '568-5673'),
(29, '581-8973'),
(30, '547-4566'),
(31, '579-1998'),
(32, '517-1821'),
(33, '574-9701'),
(34, '575-2312'),
(35, '518-2113'),
(36, '540-7615'),
(37, '582-5033'),
(38, '515-2343'),
(39, '584-9565'),
(40, '543-4346'),
(41, '550-4910'),
(42, '526-5915'),
(43, '519-1152'),
(44, '582-2638'),
(45, '537-9288'),
(46, '554-2127'),
(47, '557-5669'),
(48, '579-5956'),
(49, '593-9666'),
(50, '580-5905'),
(51, '523-3200'),
(52, '523-3546'),
(53, '587-4450'),
(54, '536-5325'),
(55, '542-1832'),
(56, '564-5533'),
(57, '552-3143'),
(58, '530-8239'),
(59, '564-1158'),
(60, '598-3442'),
(61, '557-3426'),
(62, '515-6050'),
(63, '515-6862'),
(64, '541-2684'),
(65, '581-7658'),
(66, '529-4878'),
(67, '532-7755'),
(68, '552-7745'),
(69, '541-5371'),
(70, '599-2771'),
(71, '514-8711'),
(72, '568-6728'),
(73, '539-4652'),
(74, '534-7528'),
(75, '518-5573'),
(76, '575-7548'),
(77, '578-6425'),
(78, '543-3925'),
(79, '514-2776'),
(80, '554-6139'),
(81, '575-2894'),
(82, '583-4114'),
(83, '565-1027'),
(84, '578-4228'),
(85, '518-6409'),
(86, '594-3041'),
(87, '548-9308'),
(88, '562-6344'),
(89, '547-3085'),
(90, '595-7211'),
(91, '532-5930'),
(92, '510-5978'),
(93, '565-6279'),
(94, '566-4501'),
(95, '531-2389'),
(96, '594-6491'),
(97, '540-6085'),
(98, '535-3414'),
(99, '541-8784'),
(100, '519-8461');

INSERT INTO cliente_direcciones(id_cliente,direccion) VALUES
(1, 'Calle 17 Zona 5, Ciudad de Guatemala'),
(2, 'Calle 30 Zona 4, Ciudad de Guatemala'),
(3, 'Calle 10 Zona 12, Ciudad de Guatemala'),
(4, 'Calle 29 Zona 8, Ciudad de Guatemala'),
(5, 'Calle 8 Zona 2, Ciudad de Guatemala'),
(6, 'Calle 1 Zona 6, Ciudad de Guatemala'),
(7, 'Calle 8 Zona 10, Ciudad de Guatemala'),
(8, 'Calle 21 Zona 12, Ciudad de Guatemala'),
(9, 'Calle 29 Zona 2, Ciudad de Guatemala'),
(10, 'Calle 17 Zona 2, Ciudad de Guatemala'),
(11, 'Calle 16 Zona 11, Ciudad de Guatemala'),
(12, 'Calle 24 Zona 3, Ciudad de Guatemala'),
(13, 'Calle 26 Zona 4, Ciudad de Guatemala'),
(14, 'Calle 4 Zona 4, Ciudad de Guatemala'),
(15, 'Calle 14 Zona 6, Ciudad de Guatemala'),
(16, 'Calle 24 Zona 14, Ciudad de Guatemala'),
(17, 'Calle 13 Zona 1, Ciudad de Guatemala'),
(18, 'Calle 7 Zona 4, Ciudad de Guatemala'),
(19, 'Calle 5 Zona 8, Ciudad de Guatemala'),
(20, 'Calle 15 Zona 5, Ciudad de Guatemala'),
(21, 'Calle 26 Zona 8, Ciudad de Guatemala'),
(22, 'Calle 21 Zona 1, Ciudad de Guatemala'),
(23, 'Calle 30 Zona 2, Ciudad de Guatemala'),
(24, 'Calle 16 Zona 7, Ciudad de Guatemala'),
(25, 'Calle 13 Zona 14, Ciudad de Guatemala'),
(26, 'Calle 1 Zona 7, Ciudad de Guatemala'),
(27, 'Calle 26 Zona 15, Ciudad de Guatemala'),
(28, 'Calle 23 Zona 7, Ciudad de Guatemala'),
(29, 'Calle 7 Zona 3, Ciudad de Guatemala'),
(30, 'Calle 19 Zona 1, Ciudad de Guatemala'),
(31, 'Calle 11 Zona 12, Ciudad de Guatemala'),
(32, 'Calle 16 Zona 10, Ciudad de Guatemala'),
(33, 'Calle 2 Zona 3, Ciudad de Guatemala'),
(34, 'Calle 6 Zona 14, Ciudad de Guatemala'),
(35, 'Calle 28 Zona 11, Ciudad de Guatemala'),
(36, 'Calle 29 Zona 2, Ciudad de Guatemala'),
(37, 'Calle 20 Zona 10, Ciudad de Guatemala'),
(38, 'Calle 22 Zona 7, Ciudad de Guatemala'),
(39, 'Calle 30 Zona 6, Ciudad de Guatemala'),
(40, 'Calle 23 Zona 11, Ciudad de Guatemala'),
(41, 'Calle 13 Zona 5, Ciudad de Guatemala'),
(42, 'Calle 11 Zona 8, Ciudad de Guatemala'),
(43, 'Calle 20 Zona 8, Ciudad de Guatemala'),
(44, 'Calle 18 Zona 2, Ciudad de Guatemala'),
(45, 'Calle 5 Zona 5, Ciudad de Guatemala'),
(46, 'Calle 8 Zona 15, Ciudad de Guatemala'),
(47, 'Calle 15 Zona 3, Ciudad de Guatemala'),
(48, 'Calle 26 Zona 10, Ciudad de Guatemala'),
(49, 'Calle 22 Zona 1, Ciudad de Guatemala'),
(50, 'Calle 22 Zona 15, Ciudad de Guatemala'),
(51, 'Calle 4 Zona 5, Ciudad de Guatemala'),
(52, 'Calle 10 Zona 5, Ciudad de Guatemala'),
(53, 'Calle 11 Zona 12, Ciudad de Guatemala'),
(54, 'Calle 16 Zona 9, Ciudad de Guatemala'),
(55, 'Calle 21 Zona 2, Ciudad de Guatemala'),
(56, 'Calle 1 Zona 1, Ciudad de Guatemala'),
(57, 'Calle 9 Zona 11, Ciudad de Guatemala'),
(58, 'Calle 23 Zona 9, Ciudad de Guatemala'),
(59, 'Calle 3 Zona 2, Ciudad de Guatemala'),
(60, 'Calle 2 Zona 9, Ciudad de Guatemala'),
(61, 'Calle 5 Zona 7, Ciudad de Guatemala'),
(62, 'Calle 29 Zona 6, Ciudad de Guatemala'),
(63, 'Calle 22 Zona 4, Ciudad de Guatemala'),
(64, 'Calle 25 Zona 6, Ciudad de Guatemala'),
(65, 'Calle 24 Zona 10, Ciudad de Guatemala'),
(66, 'Calle 6 Zona 14, Ciudad de Guatemala'),
(67, 'Calle 6 Zona 1, Ciudad de Guatemala'),
(68, 'Calle 22 Zona 13, Ciudad de Guatemala'),
(69, 'Calle 26 Zona 3, Ciudad de Guatemala'),
(70, 'Calle 28 Zona 7, Ciudad de Guatemala'),
(71, 'Calle 7 Zona 4, Ciudad de Guatemala'),
(72, 'Calle 27 Zona 5, Ciudad de Guatemala'),
(73, 'Calle 22 Zona 1, Ciudad de Guatemala'),
(74, 'Calle 9 Zona 6, Ciudad de Guatemala'),
(75, 'Calle 21 Zona 6, Ciudad de Guatemala'),
(76, 'Calle 27 Zona 11, Ciudad de Guatemala'),
(77, 'Calle 4 Zona 1, Ciudad de Guatemala'),
(78, 'Calle 9 Zona 10, Ciudad de Guatemala'),
(79, 'Calle 14 Zona 10, Ciudad de Guatemala'),
(80, 'Calle 20 Zona 7, Ciudad de Guatemala'),
(81, 'Calle 29 Zona 7, Ciudad de Guatemala'),
(82, 'Calle 2 Zona 5, Ciudad de Guatemala'),
(83, 'Calle 30 Zona 9, Ciudad de Guatemala'),
(84, 'Calle 14 Zona 6, Ciudad de Guatemala'),
(85, 'Calle 11 Zona 10, Ciudad de Guatemala'),
(86, 'Calle 29 Zona 12, Ciudad de Guatemala'),
(87, 'Calle 22 Zona 5, Ciudad de Guatemala'),
(88, 'Calle 23 Zona 7, Ciudad de Guatemala'),
(89, 'Calle 14 Zona 4, Ciudad de Guatemala'),
(90, 'Calle 24 Zona 11, Ciudad de Guatemala'),
(91, 'Calle 18 Zona 7, Ciudad de Guatemala'),
(92, 'Calle 7 Zona 5, Ciudad de Guatemala'),
(93, 'Calle 15 Zona 8, Ciudad de Guatemala'),
(94, 'Calle 16 Zona 9, Ciudad de Guatemala'),
(95, 'Calle 17 Zona 5, Ciudad de Guatemala'),
(96, 'Calle 27 Zona 2, Ciudad de Guatemala'),
(97, 'Calle 26 Zona 4, Ciudad de Guatemala'),
(98, 'Calle 2 Zona 1, Ciudad de Guatemala'),
(99, 'Calle 28 Zona 10, Ciudad de Guatemala'),
(100, 'Calle 29 Zona 7, Ciudad de Guatemala');

INSERT INTO cliente_correos(id_cliente,correo) VALUES
(1, 'hector.rodriguez1@tienda.com'),
(2, 'maria.sanchez2@tienda.com'),
(3, 'gabriela.gonzalez3@tienda.com'),
(4, 'jorge.rodriguez4@tienda.com'),
(5, 'veronica.morales5@tienda.com'),
(6, 'sofia.ruiz6@tienda.com'),
(7, 'monica.martinez7@tienda.com'),
(8, 'maria.gomez8@tienda.com'),
(9, 'valeria.gonzalez9@tienda.com'),
(10, 'victor.chavez10@tienda.com'),
(11, 'maria.morales11@tienda.com'),
(12, 'diego.morales12@tienda.com'),
(13, 'roberto.gonzalez13@tienda.com'),
(14, 'raul.ruiz14@tienda.com'),
(15, 'daniela.garcia15@tienda.com'),
(16, 'enrique.hernandez16@tienda.com'),
(17, 'ramon.vasquez17@tienda.com'),
(18, 'patricia.sanchez18@tienda.com'),
(19, 'lucia.perez19@tienda.com'),
(20, 'enrique.cruz20@tienda.com'),
(21, 'jose.gomez21@tienda.com'),
(22, 'andres.rodriguez22@tienda.com'),
(23, 'miguel.flores23@tienda.com'),
(24, 'alberto.sanchez24@tienda.com'),
(25, 'carlos.torres25@tienda.com'),
(26, 'mario.rodriguez26@tienda.com'),
(27, 'andres.gomez27@tienda.com'),
(28, 'jimena.ramirez28@tienda.com'),
(29, 'hector.chavez29@tienda.com'),
(30, 'laura.ruiz30@tienda.com'),
(31, 'diego.gomez31@tienda.com'),
(32, 'carlos.gonzalez32@tienda.com'),
(33, 'beatriz.ramirez33@tienda.com'),
(34, 'sofia.gonzalez34@tienda.com'),
(35, 'jose.diaz35@tienda.com'),
(36, 'daniela.torres36@tienda.com'),
(37, 'hector.flores37@tienda.com'),
(38, 'pedro.flores38@tienda.com'),
(39, 'miguel.perez39@tienda.com'),
(40, 'pablo.sanchez40@tienda.com'),
(41, 'ramon.gomez41@tienda.com'),
(42, 'alberto.hernandez42@tienda.com'),
(43, 'mario.gonzalez43@tienda.com'),
(44, 'pedro.torres44@tienda.com'),
(45, 'andres.sanchez45@tienda.com'),
(46, 'hector.morales46@tienda.com'),
(47, 'fernando.cruz47@tienda.com'),
(48, 'beatriz.martinez48@tienda.com'),
(49, 'fernando.martinez49@tienda.com'),
(50, 'alejandro.diaz50@tienda.com'),
(51, 'daniela.gomez51@tienda.com'),
(52, 'valeria.ruiz52@tienda.com'),
(53, 'andrea.cruz53@tienda.com'),
(54, 'valeria.castillo54@tienda.com'),
(55, 'isabel.torres55@tienda.com'),
(56, 'lucia.sanchez56@tienda.com'),
(57, 'jorge.gonzalez57@tienda.com'),
(58, 'estefania.morales58@tienda.com'),
(59, 'mario.sanchez59@tienda.com'),
(60, 'estefania.ruiz60@tienda.com'),
(61, 'monica.ruiz61@tienda.com'),
(62, 'isabel.flores62@tienda.com'),
(63, 'fernando.lopez63@tienda.com'),
(64, 'victor.castillo64@tienda.com'),
(65, 'sofia.martinez65@tienda.com'),
(66, 'paula.lopez66@tienda.com'),
(67, 'hector.hernandez67@tienda.com'),
(68, 'veronica.vasquez68@tienda.com'),
(69, 'alberto.gomez69@tienda.com'),
(70, 'andres.diaz70@tienda.com'),
(71, 'alberto.torres71@tienda.com'),
(72, 'diana.sanchez72@tienda.com'),
(73, 'jimena.garcia73@tienda.com'),
(74, 'veronica.rodriguez74@tienda.com'),
(75, 'veronica.morales75@tienda.com'),
(76, 'enrique.sanchez76@tienda.com'),
(77, 'beatriz.cruz77@tienda.com'),
(78, 'paula.ramirez78@tienda.com'),
(79, 'monica.hernandez79@tienda.com'),
(80, 'natalia.garcia80@tienda.com'),
(81, 'oscar.sanchez81@tienda.com'),
(82, 'victor.hernandez82@tienda.com'),
(83, 'victor.rodriguez83@tienda.com'),
(84, 'hector.ramirez84@tienda.com'),
(85, 'hector.ortiz85@tienda.com'),
(86, 'alberto.perez86@tienda.com'),
(87, 'lucia.flores87@tienda.com'),
(88, 'enrique.hernandez88@tienda.com'),
(89, 'mario.ortiz89@tienda.com'),
(90, 'juan.chavez90@tienda.com'),
(91, 'alejandro.castillo91@tienda.com'),
(92, 'maria.rodriguez92@tienda.com'),
(93, 'laura.ramirez93@tienda.com'),
(94, 'gabriela.martinez94@tienda.com'),
(95, 'gabriela.ruiz95@tienda.com'),
(96, 'sofia.gomez96@tienda.com'),
(97, 'oscar.castillo97@tienda.com'),
(98, 'luis.morales98@tienda.com'),
(99, 'beatriz.lopez99@tienda.com'),
(100, 'jorge.castillo100@tienda.com');

-- Prendas e Inventario
INSERT INTO prendas(nombre_prenda,descripcion,precio_actual,id_marca,id_categoria,id_edad,id_genero) VALUES
('Camisa Formal Marrón', 'Camisa Formal Marrón de alta calidad', 247.85, 1, 1, 2, 1),
('Pantalón Formal Rojo', 'Pantalón Formal Rojo de alta calidad', 153.87, 2, 2, 1, 1),
('Falda Ligera Blanco', 'Falda Ligera Blanco de alta calidad', 416.59, 3, 3, 2, 1),
('Chaqueta Con Capucha Amarillo', 'Chaqueta Con Capucha Amarillo de alta calidad', 259.23, 4, 4, 2, 2),
('Vestido Ligera Verde', 'Vestido Ligera Verde de alta calidad', 395.75, 5, 5, 1, 2),
('Zapatos Deportiva Verde', 'Zapatos Deportiva Verde de alta calidad', 264.75, 6, 6, 2, 3),
('Sudadera Casual Blanco', 'Sudadera Casual Blanco de alta calidad', 143.35, 7, 7, 2, 3),
('Abrigo Formal Beige', 'Abrigo Formal Beige de alta calidad', 218.97, 8, 8, 2, 1),
('Traje Formal Rosado', 'Traje Formal Rosado de alta calidad', 477.35, 9, 9, 1, 2),
('Short Ligera Azul', 'Short Ligera Azul de alta calidad', 475.95, 10, 10, 2, 2),
('Camisa Impreso Amarillo', 'Camisa Impreso Amarillo de alta calidad', 415.94, 1, 1, 2, 2),
('Pantalón Clásica Beige', 'Pantalón Clásica Beige de alta calidad', 221.17, 2, 2, 1, 2),
('Falda Con Capucha Amarillo', 'Falda Con Capucha Amarillo de alta calidad', 91.33, 3, 3, 2, 1),
('Chaqueta Formal Blanco', 'Chaqueta Formal Blanco de alta calidad', 444.08, 4, 4, 2, 1),
('Vestido Ligera Gris', 'Vestido Ligera Gris de alta calidad', 221.75, 5, 5, 2, 1),
('Zapatos Denim Negro', 'Zapatos Denim Negro de alta calidad', 277.53, 6, 6, 2, 2),
('Sudadera Casual Azul', 'Sudadera Casual Azul de alta calidad', 396.78, 7, 7, 2, 1),
('Abrigo Deportiva Blanco', 'Abrigo Deportiva Blanco de alta calidad', 278.9, 8, 8, 1, 1),
('Traje Denim Gris', 'Traje Denim Gris de alta calidad', 150.47, 9, 9, 1, 3),
('Short Denim Negro', 'Short Denim Negro de alta calidad', 323.05, 10, 10, 2, 1),
('Camisa Formal Rojo', 'Camisa Formal Rojo de alta calidad', 111.92, 1, 1, 2, 2),
('Pantalón Con Capucha Negro', 'Pantalón Con Capucha Negro de alta calidad', 414.42, 2, 2, 2, 2),
('Falda Oxford Negro', 'Falda Oxford Negro de alta calidad', 292.5, 3, 3, 2, 2),
('Chaqueta Casual Beige', 'Chaqueta Casual Beige de alta calidad', 483.53, 4, 4, 2, 2),
('Vestido Impreso Verde', 'Vestido Impreso Verde de alta calidad', 338.68, 5, 5, 2, 3),
('Zapatos Con Capucha Verde', 'Zapatos Con Capucha Verde de alta calidad', 215.37, 6, 6, 2, 3),
('Sudadera Deportiva Marrón', 'Sudadera Deportiva Marrón de alta calidad', 319.34, 7, 7, 1, 2),
('Abrigo Slim Marrón', 'Abrigo Slim Marrón de alta calidad', 169.09, 8, 8, 2, 2),
('Traje Denim Amarillo', 'Traje Denim Amarillo de alta calidad', 84.26, 9, 9, 2, 3),
('Short Impreso Rojo', 'Short Impreso Rojo de alta calidad', 370.06, 10, 10, 2, 2),
('Camisa Deportiva Beige', 'Camisa Deportiva Beige de alta calidad', 370.55, 1, 1, 1, 2),
('Pantalón Impreso Gris', 'Pantalón Impreso Gris de alta calidad', 258.71, 2, 2, 2, 3),
('Falda Denim Verde', 'Falda Denim Verde de alta calidad', 176.83, 3, 3, 2, 2),
('Chaqueta Slim Rojo', 'Chaqueta Slim Rojo de alta calidad', 170.88, 4, 4, 2, 3),
('Vestido Con Capucha Verde', 'Vestido Con Capucha Verde de alta calidad', 491.81, 5, 5, 2, 3),
('Zapatos Clásica Amarillo', 'Zapatos Clásica Amarillo de alta calidad', 133.16, 6, 6, 2, 2),
('Sudadera Slim Marrón', 'Sudadera Slim Marrón de alta calidad', 123.09, 7, 7, 2, 3),
('Abrigo Oxford Blanco', 'Abrigo Oxford Blanco de alta calidad', 485.51, 8, 8, 2, 2),
('Traje Formal Marrón', 'Traje Formal Marrón de alta calidad', 111.11, 9, 9, 2, 1),
('Short Denim Negro', 'Short Denim Negro de alta calidad', 497.45, 10, 10, 1, 3),
('Camisa Con Capucha Rojo', 'Camisa Con Capucha Rojo de alta calidad', 405.79, 1, 1, 2, 3),
('Pantalón Formal Verde', 'Pantalón Formal Verde de alta calidad', 318.82, 2, 2, 2, 3),
('Falda Deportiva Verde', 'Falda Deportiva Verde de alta calidad', 357.38, 3, 3, 2, 1),
('Chaqueta Clásica Beige', 'Chaqueta Clásica Beige de alta calidad', 269.21, 4, 4, 2, 1),
('Vestido Denim Marrón', 'Vestido Denim Marrón de alta calidad', 109.9, 5, 5, 1, 2),
('Zapatos Con Capucha Rojo', 'Zapatos Con Capucha Rojo de alta calidad', 258.56, 6, 6, 2, 3),
('Sudadera Slim Negro', 'Sudadera Slim Negro de alta calidad', 105.05, 7, 7, 1, 2),
('Abrigo Ligera Negro', 'Abrigo Ligera Negro de alta calidad', 276.85, 8, 8, 2, 2),
('Traje Impreso Marrón', 'Traje Impreso Marrón de alta calidad', 263.86, 9, 9, 2, 3),
('Short Con Capucha Verde', 'Short Con Capucha Verde de alta calidad', 90.86, 10, 10, 2, 2),
('Camisa Con Capucha Azul', 'Camisa Con Capucha Azul de alta calidad', 499.82, 1, 1, 2, 3),
('Pantalón Ligera Amarillo', 'Pantalón Ligera Amarillo de alta calidad', 353.63, 2, 2, 2, 1),
('Falda Ligera Negro', 'Falda Ligera Negro de alta calidad', 277.4, 3, 3, 2, 3),
('Chaqueta Oxford Beige', 'Chaqueta Oxford Beige de alta calidad', 371.34, 4, 4, 2, 1),
('Vestido Clásica Marrón', 'Vestido Clásica Marrón de alta calidad', 116.99, 5, 5, 2, 3),
('Zapatos Impreso Azul', 'Zapatos Impreso Azul de alta calidad', 356.22, 6, 6, 2, 2),
('Sudadera Oxford Rosado', 'Sudadera Oxford Rosado de alta calidad', 397.71, 7, 7, 1, 3),
('Abrigo Impreso Blanco', 'Abrigo Impreso Blanco de alta calidad', 469.62, 8, 8, 1, 2),
('Traje Con Capucha Rojo', 'Traje Con Capucha Rojo de alta calidad', 378.11, 9, 9, 2, 1),
('Short Deportiva Negro', 'Short Deportiva Negro de alta calidad', 273.81, 10, 10, 2, 1),
('Camisa Denim Amarillo', 'Camisa Denim Amarillo de alta calidad', 376.27, 1, 1, 1, 3),
('Pantalón Ligera Amarillo', 'Pantalón Ligera Amarillo de alta calidad', 140.75, 2, 2, 2, 1),
('Falda Casual Verde', 'Falda Casual Verde de alta calidad', 404.52, 3, 3, 2, 1),
('Chaqueta Clásica Verde', 'Chaqueta Clásica Verde de alta calidad', 384.94, 4, 4, 2, 2),
('Vestido Ligera Amarillo', 'Vestido Ligera Amarillo de alta calidad', 283.42, 5, 5, 2, 1),
('Zapatos Oxford Rojo', 'Zapatos Oxford Rojo de alta calidad', 491.93, 6, 6, 2, 2),
('Sudadera Clásica Gris', 'Sudadera Clásica Gris de alta calidad', 392.78, 7, 7, 1, 2),
('Abrigo Slim Marrón', 'Abrigo Slim Marrón de alta calidad', 485.23, 8, 8, 2, 3),
('Traje Ligera Negro', 'Traje Ligera Negro de alta calidad', 300.9, 9, 9, 2, 1),
('Short Slim Negro', 'Short Slim Negro de alta calidad', 277.19, 10, 10, 1, 3),
('Camisa Casual Gris', 'Camisa Casual Gris de alta calidad', 437.98, 1, 1, 2, 3),
('Pantalón Ligera Amarillo', 'Pantalón Ligera Amarillo de alta calidad', 95.08, 2, 2, 2, 3),
('Falda Deportiva Negro', 'Falda Deportiva Negro de alta calidad', 262.27, 3, 3, 2, 2),
('Chaqueta Ligera Blanco', 'Chaqueta Ligera Blanco de alta calidad', 371.48, 4, 4, 2, 1),
('Vestido Oxford Gris', 'Vestido Oxford Gris de alta calidad', 260.89, 5, 5, 2, 2),
('Zapatos Slim Blanco', 'Zapatos Slim Blanco de alta calidad', 113.17, 6, 6, 2, 1),
('Sudadera Slim Rojo', 'Sudadera Slim Rojo de alta calidad', 273.68, 7, 7, 1, 3),
('Abrigo Denim Amarillo', 'Abrigo Denim Amarillo de alta calidad', 146.35, 8, 8, 2, 2),
('Traje Formal Verde', 'Traje Formal Verde de alta calidad', 271.87, 9, 9, 2, 2),
('Short Casual Rojo', 'Short Casual Rojo de alta calidad', 240.17, 10, 10, 2, 2),
('Camisa Clásica Beige', 'Camisa Clásica Beige de alta calidad', 195.28, 1, 1, 2, 2),
('Pantalón Con Capucha Marrón', 'Pantalón Con Capucha Marrón de alta calidad', 429.79, 2, 2, 2, 1),
('Falda Deportiva Rojo', 'Falda Deportiva Rojo de alta calidad', 340.77, 3, 3, 1, 2),
('Chaqueta Clásica Verde', 'Chaqueta Clásica Verde de alta calidad', 411.22, 4, 4, 2, 3),
('Vestido Denim Gris', 'Vestido Denim Gris de alta calidad', 393.94, 5, 5, 2, 1),
('Zapatos Impreso Amarillo', 'Zapatos Impreso Amarillo de alta calidad', 463.66, 6, 6, 2, 2),
('Sudadera Denim Gris', 'Sudadera Denim Gris de alta calidad', 417.78, 7, 7, 2, 2),
('Abrigo Formal Amarillo', 'Abrigo Formal Amarillo de alta calidad', 233.63, 8, 8, 1, 1),
('Traje Oxford Verde', 'Traje Oxford Verde de alta calidad', 325.52, 9, 9, 2, 2),
('Short Con Capucha Amarillo', 'Short Con Capucha Amarillo de alta calidad', 217.76, 10, 10, 1, 1),
('Camisa Denim Beige', 'Camisa Denim Beige de alta calidad', 129.0, 1, 1, 1, 2),
('Pantalón Casual Negro', 'Pantalón Casual Negro de alta calidad', 178.62, 2, 2, 2, 2),
('Falda Impreso Beige', 'Falda Impreso Beige de alta calidad', 326.68, 3, 3, 2, 3),
('Chaqueta Con Capucha Beige', 'Chaqueta Con Capucha Beige de alta calidad', 474.4, 4, 4, 2, 2),
('Vestido Ligera Rojo', 'Vestido Ligera Rojo de alta calidad', 439.29, 5, 5, 2, 2),
('Zapatos Oxford Azul', 'Zapatos Oxford Azul de alta calidad', 247.22, 6, 6, 2, 3),
('Sudadera Casual Rojo', 'Sudadera Casual Rojo de alta calidad', 349.52, 7, 7, 2, 2),
('Abrigo Deportiva Blanco', 'Abrigo Deportiva Blanco de alta calidad', 410.53, 8, 8, 1, 2),
('Traje Con Capucha Rojo', 'Traje Con Capucha Rojo de alta calidad', 421.48, 9, 9, 2, 1),
('Short Clásica Verde', 'Short Clásica Verde de alta calidad', 440.53, 10, 10, 1, 3);

INSERT INTO inventario(id_prenda,stock) VALUES
(1, 38),
(2, 86),
(3, 87),
(4, 90),
(5, 55),
(6, 56),
(7, 69),
(8, 79),
(9, 22),
(10, 58),
(11, 48),
(12, 71),
(13, 70),
(14, 43),
(15, 68),
(16, 89),
(17, 51),
(18, 34),
(19, 97),
(20, 59),
(21, 100),
(22, 92),
(23, 63),
(24, 78),
(25, 88),
(26, 51),
(27, 68),
(28, 53),
(29, 44),
(30, 82),
(31, 59),
(32, 90),
(33, 44),
(34, 81),
(35, 44),
(36, 25),
(37, 21),
(38, 52),
(39, 100),
(40, 35),
(41, 68),
(42, 27),
(43, 40),
(44, 96),
(45, 49),
(46, 89),
(47, 59),
(48, 58),
(49, 96),
(50, 49),
(51, 54),
(52, 55),
(53, 72),
(54, 56),
(55, 52),
(56, 89),
(57, 100),
(58, 76),
(59, 59),
(60, 35),
(61, 73),
(62, 44),
(63, 73),
(64, 95),
(65, 62),
(66, 50),
(67, 68),
(68, 36),
(69, 78),
(70, 53),
(71, 88),
(72, 28),
(73, 32),
(74, 23),
(75, 51),
(76, 68),
(77, 52),
(78, 76),
(79, 58),
(80, 65),
(81, 92),
(82, 56),
(83, 37),
(84, 24),
(85, 42),
(86, 41),
(87, 79),
(88, 70),
(89, 67),
(90, 98),
(91, 25),
(92, 88),
(93, 39),
(94, 55),
(95, 32),
(96, 44),
(97, 96),
(98, 46),
(99, 49),
(100, 38);

INSERT INTO historial_precios(id_prenda, fecha_realizacion, precio_pasado, precio_nuevo, diferencia_precio) VALUES
(1, NOW() - INTERVAL '1 days', 233.01, 247.85, 14.84),
(2, NOW() - INTERVAL '2 days', 141.9, 153.87, 11.97),
(3, NOW() - INTERVAL '3 days', 396.77, 416.59, 19.82),
(4, NOW() - INTERVAL '4 days', 247.54, 259.23, 11.69),
(5, NOW() - INTERVAL '5 days', 379.26, 395.75, 16.49),
(6, NOW() - INTERVAL '6 days', 256.23, 264.75, 8.52),
(7, NOW() - INTERVAL '7 days', 127.94, 143.35, 15.41),
(8, NOW() - INTERVAL '8 days', 207.73, 218.97, 11.24),
(9, NOW() - INTERVAL '9 days', 459.5, 477.35, 17.85),
(10, NOW() - INTERVAL '10 days', 459.65, 475.95, 16.3),
(11, NOW() - INTERVAL '11 days', 403.62, 415.94, 12.32),
(12, NOW() - INTERVAL '12 days', 205.31, 221.17, 15.86),
(13, NOW() - INTERVAL '13 days', 77.45, 91.33, 13.88),
(14, NOW() - INTERVAL '14 days', 438.33, 444.08, 5.75),
(15, NOW() - INTERVAL '15 days', 212.58, 221.75, 9.17),
(16, NOW() - INTERVAL '16 days', 271.75, 277.53, 5.78),
(17, NOW() - INTERVAL '17 days', 388.79, 396.78, 7.99),
(18, NOW() - INTERVAL '18 days', 265.44, 278.9, 13.46),
(19, NOW() - INTERVAL '19 days', 131.01, 150.47, 19.46),
(20, NOW() - INTERVAL '20 days', 309.41, 323.05, 13.64),
(21, NOW() - INTERVAL '21 days', 103.28, 111.92, 8.64),
(22, NOW() - INTERVAL '22 days', 397.68, 414.42, 16.74),
(23, NOW() - INTERVAL '23 days', 287.31, 292.5, 5.19),
(24, NOW() - INTERVAL '24 days', 467.92, 483.53, 15.61),
(25, NOW() - INTERVAL '25 days', 322.06, 338.68, 16.62),
(26, NOW() - INTERVAL '26 days', 197.91, 215.37, 17.46),
(27, NOW() - INTERVAL '27 days', 309.29, 319.34, 10.05),
(28, NOW() - INTERVAL '28 days', 158.98, 169.09, 10.11),
(29, NOW() - INTERVAL '29 days', 77.98, 84.26, 6.28),
(30, NOW() - INTERVAL '30 days', 358.34, 370.06, 11.72),
(31, NOW() - INTERVAL '31 days', 355.59, 370.55, 14.96),
(32, NOW() - INTERVAL '32 days', 248.75, 258.71, 9.96),
(33, NOW() - INTERVAL '33 days', 167.1, 176.83, 9.73),
(34, NOW() - INTERVAL '34 days', 161.73, 170.88, 9.15),
(35, NOW() - INTERVAL '35 days', 482.37, 491.81, 9.44),
(36, NOW() - INTERVAL '36 days', 113.55, 133.16, 19.61),
(37, NOW() - INTERVAL '37 days', 109.48, 123.09, 13.61),
(38, NOW() - INTERVAL '38 days', 466.39, 485.51, 19.12),
(39, NOW() - INTERVAL '39 days', 95.81, 111.11, 15.3),
(40, NOW() - INTERVAL '40 days', 484.08, 497.45, 13.37),
(41, NOW() - INTERVAL '41 days', 394.03, 405.79, 11.76),
(42, NOW() - INTERVAL '42 days', 304.68, 318.82, 14.14),
(43, NOW() - INTERVAL '43 days', 348.78, 357.38, 8.6),
(44, NOW() - INTERVAL '44 days', 257.16, 269.21, 12.05),
(45, NOW() - INTERVAL '45 days', 91.04, 109.9, 18.86),
(46, NOW() - INTERVAL '46 days', 250.19, 258.56, 8.37),
(47, NOW() - INTERVAL '47 days', 91.12, 105.05, 13.93),
(48, NOW() - INTERVAL '48 days', 261.35, 276.85, 15.5),
(49, NOW() - INTERVAL '49 days', 258.26, 263.86, 5.6),
(50, NOW() - INTERVAL '50 days', 71.43, 90.86, 19.43),
(51, NOW() - INTERVAL '51 days', 486.18, 499.82, 13.64),
(52, NOW() - INTERVAL '52 days', 345.91, 353.63, 7.72),
(53, NOW() - INTERVAL '53 days', 267.4, 277.4, 10.0),
(54, NOW() - INTERVAL '54 days', 356.4, 371.34, 14.94),
(55, NOW() - INTERVAL '55 days', 107.14, 116.99, 9.85),
(56, NOW() - INTERVAL '56 days', 344.29, 356.22, 11.93),
(57, NOW() - INTERVAL '57 days', 386.08, 397.71, 11.63),
(58, NOW() - INTERVAL '58 days', 451.41, 469.62, 18.21),
(59, NOW() - INTERVAL '59 days', 364.85, 378.11, 13.26),
(60, NOW() - INTERVAL '60 days', 259.09, 273.81, 14.72),
(61, NOW() - INTERVAL '61 days', 358.75, 376.27, 17.52),
(62, NOW() - INTERVAL '62 days', 121.92, 140.75, 18.83),
(63, NOW() - INTERVAL '63 days', 394.42, 404.52, 10.1),
(64, NOW() - INTERVAL '64 days', 371.24, 384.94, 13.7),
(65, NOW() - INTERVAL '65 days', 270.14, 283.42, 13.28),
(66, NOW() - INTERVAL '66 days', 478.35, 491.93, 13.58),
(67, NOW() - INTERVAL '67 days', 381.99, 392.78, 10.79),
(68, NOW() - INTERVAL '68 days', 472.7, 485.23, 12.53),
(69, NOW() - INTERVAL '69 days', 295.67, 300.9, 5.23),
(70, NOW() - INTERVAL '70 days', 267.11, 277.19, 10.08),
(71, NOW() - INTERVAL '71 days', 427.28, 437.98, 10.7),
(72, NOW() - INTERVAL '72 days', 86.56, 95.08, 8.52),
(73, NOW() - INTERVAL '73 days', 245.86, 262.27, 16.41),
(74, NOW() - INTERVAL '74 days', 365.79, 371.48, 5.69),
(75, NOW() - INTERVAL '75 days', 247.92, 260.89, 12.97),
(76, NOW() - INTERVAL '76 days', 98.87, 113.17, 14.3),
(77, NOW() - INTERVAL '77 days', 261.79, 273.68, 11.89),
(78, NOW() - INTERVAL '78 days', 127.17, 146.35, 19.18),
(79, NOW() - INTERVAL '79 days', 263.88, 271.87, 7.99),
(80, NOW() - INTERVAL '80 days', 226.55, 240.17, 13.62),
(81, NOW() - INTERVAL '81 days', 177.3, 195.28, 17.98),
(82, NOW() - INTERVAL '82 days', 413.15, 429.79, 16.64),
(83, NOW() - INTERVAL '83 days', 326.35, 340.77, 14.42),
(84, NOW() - INTERVAL '84 days', 397.53, 411.22, 13.69),
(85, NOW() - INTERVAL '85 days', 385.93, 393.94, 8.01),
(86, NOW() - INTERVAL '86 days', 454.81, 463.66, 8.85),
(87, NOW() - INTERVAL '87 days', 398.34, 417.78, 19.44),
(88, NOW() - INTERVAL '88 days', 228.42, 233.63, 5.21),
(89, NOW() - INTERVAL '89 days', 318.89, 325.52, 6.63),
(90, NOW() - INTERVAL '90 days', 209.44, 217.76, 8.32),
(91, NOW() - INTERVAL '91 days', 109.81, 129.0, 19.19),
(92, NOW() - INTERVAL '92 days', 171.59, 178.62, 7.03),
(93, NOW() - INTERVAL '93 days', 308.4, 326.68, 18.28),
(94, NOW() - INTERVAL '94 days', 468.91, 474.4, 5.49),
(95, NOW() - INTERVAL '95 days', 419.58, 439.29, 19.71),
(96, NOW() - INTERVAL '96 days', 227.7, 247.22, 19.52),
(97, NOW() - INTERVAL '97 days', 329.95, 349.52, 19.57),
(98, NOW() - INTERVAL '98 days', 404.5, 410.53, 6.03),
(99, NOW() - INTERVAL '99 days', 411.55, 421.48, 9.93),
(100, NOW() - INTERVAL '100 days', 420.72, 440.53, 19.81);
-- Ventas y detalles
INSERT INTO ventas(id_cliente, id_direccion, fecha_realizacion) VALUES
(1, 1, NOW() - INTERVAL '139 hours'),
(2, 2, NOW() - INTERVAL '205 hours'),
(3, 3, NOW() - INTERVAL '29 hours'),
(4, 4, NOW() - INTERVAL '222 hours'),
(5, 5, NOW() - INTERVAL '34 hours'),
(6, 6, NOW() - INTERVAL '92 hours'),
(7, 7, NOW() - INTERVAL '151 hours'),
(8, 8, NOW() - INTERVAL '5 hours'),
(9, 9, NOW() - INTERVAL '68 hours'),
(10, 10, NOW() - INTERVAL '33 hours'),
(11, 11, NOW() - INTERVAL '108 hours'),
(12, 12, NOW() - INTERVAL '30 hours'),
(13, 13, NOW() - INTERVAL '17 hours'),
(14, 14, NOW() - INTERVAL '115 hours'),
(15, 15, NOW() - INTERVAL '132 hours'),
(16, 16, NOW() - INTERVAL '28 hours'),
(17, 17, NOW() - INTERVAL '129 hours'),
(18, 18, NOW() - INTERVAL '158 hours'),
(19, 19, NOW() - INTERVAL '187 hours'),
(20, 20, NOW() - INTERVAL '134 hours'),
(21, 21, NOW() - INTERVAL '118 hours'),
(22, 22, NOW() - INTERVAL '8 hours'),
(23, 23, NOW() - INTERVAL '123 hours'),
(24, 24, NOW() - INTERVAL '110 hours'),
(25, 25, NOW() - INTERVAL '28 hours'),
(26, 26, NOW() - INTERVAL '183 hours'),
(27, 27, NOW() - INTERVAL '19 hours'),
(28, 28, NOW() - INTERVAL '83 hours'),
(29, 29, NOW() - INTERVAL '38 hours'),
(30, 30, NOW() - INTERVAL '33 hours'),
(31, 31, NOW() - INTERVAL '160 hours'),
(32, 32, NOW() - INTERVAL '150 hours'),
(33, 33, NOW() - INTERVAL '183 hours'),
(34, 34, NOW() - INTERVAL '98 hours'),
(35, 35, NOW() - INTERVAL '136 hours'),
(36, 36, NOW() - INTERVAL '117 hours'),
(37, 37, NOW() - INTERVAL '155 hours'),
(38, 38, NOW() - INTERVAL '26 hours'),
(39, 39, NOW() - INTERVAL '30 hours'),
(40, 40, NOW() - INTERVAL '167 hours'),
(41, 41, NOW() - INTERVAL '185 hours'),
(42, 42, NOW() - INTERVAL '111 hours'),
(43, 43, NOW() - INTERVAL '228 hours'),
(44, 44, NOW() - INTERVAL '106 hours'),
(45, 45, NOW() - INTERVAL '212 hours'),
(46, 46, NOW() - INTERVAL '103 hours'),
(47, 47, NOW() - INTERVAL '187 hours'),
(48, 48, NOW() - INTERVAL '81 hours'),
(49, 49, NOW() - INTERVAL '81 hours'),
(50, 50, NOW() - INTERVAL '66 hours'),
(51, 51, NOW() - INTERVAL '40 hours'),
(52, 52, NOW() - INTERVAL '237 hours'),
(53, 53, NOW() - INTERVAL '18 hours'),
(54, 54, NOW() - INTERVAL '213 hours'),
(55, 55, NOW() - INTERVAL '24 hours'),
(56, 56, NOW() - INTERVAL '25 hours'),
(57, 57, NOW() - INTERVAL '190 hours'),
(58, 58, NOW() - INTERVAL '208 hours'),
(59, 59, NOW() - INTERVAL '143 hours'),
(60, 60, NOW() - INTERVAL '151 hours'),
(61, 61, NOW() - INTERVAL '144 hours'),
(62, 62, NOW() - INTERVAL '172 hours'),
(63, 63, NOW() - INTERVAL '106 hours'),
(64, 64, NOW() - INTERVAL '224 hours'),
(65, 65, NOW() - INTERVAL '193 hours'),
(66, 66, NOW() - INTERVAL '223 hours'),
(67, 67, NOW() - INTERVAL '14 hours'),
(68, 68, NOW() - INTERVAL '154 hours'),
(69, 69, NOW() - INTERVAL '91 hours'),
(70, 70, NOW() - INTERVAL '148 hours'),
(71, 71, NOW() - INTERVAL '55 hours'),
(72, 72, NOW() - INTERVAL '169 hours'),
(73, 73, NOW() - INTERVAL '58 hours'),
(74, 74, NOW() - INTERVAL '90 hours'),
(75, 75, NOW() - INTERVAL '95 hours'),
(76, 76, NOW() - INTERVAL '196 hours'),
(77, 77, NOW() - INTERVAL '147 hours'),
(78, 78, NOW() - INTERVAL '207 hours'),
(79, 79, NOW() - INTERVAL '217 hours'),
(80, 80, NOW() - INTERVAL '197 hours'),
(81, 81, NOW() - INTERVAL '158 hours'),
(82, 82, NOW() - INTERVAL '165 hours'),
(83, 83, NOW() - INTERVAL '7 hours'),
(84, 84, NOW() - INTERVAL '238 hours'),
(85, 85, NOW() - INTERVAL '213 hours'),
(86, 86, NOW() - INTERVAL '69 hours'),
(87, 87, NOW() - INTERVAL '47 hours'),
(88, 88, NOW() - INTERVAL '180 hours'),
(89, 89, NOW() - INTERVAL '236 hours'),
(90, 90, NOW() - INTERVAL '90 hours'),
(91, 91, NOW() - INTERVAL '47 hours'),
(92, 92, NOW() - INTERVAL '145 hours'),
(93, 93, NOW() - INTERVAL '103 hours'),
(94, 94, NOW() - INTERVAL '37 hours'),
(95, 95, NOW() - INTERVAL '163 hours'),
(96, 96, NOW() - INTERVAL '24 hours'),
(97, 97, NOW() - INTERVAL '136 hours'),
(98, 98, NOW() - INTERVAL '97 hours'),
(99, 99, NOW() - INTERVAL '117 hours'),
(100, 100, NOW() - INTERVAL '41 hours');

INSERT INTO venta_detalles(id_venta, id_prenda, precio_venta, cantidad, monto) VALUES
(1, 1, 247.85, 2, 495.7),
(2, 2, 153.87, 1, 153.87),
(3, 3, 416.59, 3, 1249.77),
(4, 4, 259.23, 1, 259.23),
(5, 5, 395.75, 1, 395.75),
(6, 6, 264.75, 1, 264.75),
(7, 7, 143.35, 2, 286.7),
(8, 8, 218.97, 1, 218.97),
(9, 9, 477.35, 1, 477.35),
(10, 10, 475.95, 3, 1427.85),
(11, 11, 415.94, 3, 1247.82),
(12, 12, 221.17, 3, 663.51),
(13, 13, 91.33, 2, 182.66),
(14, 14, 444.08, 2, 888.16),
(15, 15, 221.75, 3, 665.25),
(16, 16, 277.53, 2, 555.06),
(17, 17, 396.78, 1, 396.78),
(18, 18, 278.9, 1, 278.9),
(19, 19, 150.47, 3, 451.41),
(20, 20, 323.05, 2, 646.1),
(21, 21, 111.92, 3, 335.76),
(22, 22, 414.42, 1, 414.42),
(23, 23, 292.5, 2, 585.0),
(24, 24, 483.53, 3, 1450.59),
(25, 25, 338.68, 2, 677.36),
(26, 26, 215.37, 2, 430.74),
(27, 27, 319.34, 1, 319.34),
(28, 28, 169.09, 3, 507.27),
(29, 29, 84.26, 1, 84.26),
(30, 30, 370.06, 2, 740.12),
(31, 31, 370.55, 3, 1111.65),
(32, 32, 258.71, 3, 776.13),
(33, 33, 176.83, 2, 353.66),
(34, 34, 170.88, 3, 512.64),
(35, 35, 491.81, 2, 983.62),
(36, 36, 133.16, 3, 399.48),
(37, 37, 123.09, 2, 246.18),
(38, 38, 485.51, 3, 1456.53),
(39, 39, 111.11, 3, 333.33),
(40, 40, 497.45, 3, 1492.35),
(41, 41, 405.79, 1, 405.79),
(42, 42, 318.82, 2, 637.64),
(43, 43, 357.38, 1, 357.38),
(44, 44, 269.21, 2, 538.42),
(45, 45, 109.9, 2, 219.8),
(46, 46, 258.56, 2, 517.12),
(47, 47, 105.05, 1, 105.05),
(48, 48, 276.85, 2, 553.7),
(49, 49, 263.86, 3, 791.58),
(50, 50, 90.86, 2, 181.72),
(51, 51, 499.82, 3, 1499.46),
(52, 52, 353.63, 2, 707.26),
(53, 53, 277.4, 1, 277.4),
(54, 54, 371.34, 1, 371.34),
(55, 55, 116.99, 2, 233.98),
(56, 56, 356.22, 3, 1068.66),
(57, 57, 397.71, 2, 795.42),
(58, 58, 469.62, 1, 469.62),
(59, 59, 378.11, 1, 378.11),
(60, 60, 273.81, 3, 821.43),
(61, 61, 376.27, 2, 752.54),
(62, 62, 140.75, 1, 140.75),
(63, 63, 404.52, 2, 809.04),
(64, 64, 384.94, 3, 1154.82),
(65, 65, 283.42, 2, 566.84),
(66, 66, 491.93, 3, 1475.79),
(67, 67, 392.78, 2, 785.56),
(68, 68, 485.23, 2, 970.46),
(69, 69, 300.9, 1, 300.9),
(70, 70, 277.19, 3, 831.57),
(71, 71, 437.98, 1, 437.98),
(72, 72, 95.08, 2, 190.16),
(73, 73, 262.27, 1, 262.27),
(74, 74, 371.48, 3, 1114.44),
(75, 75, 260.89, 1, 260.89),
(76, 76, 113.17, 2, 226.34),
(77, 77, 273.68, 1, 273.68),
(78, 78, 146.35, 2, 292.7),
(79, 79, 271.87, 3, 815.61),
(80, 80, 240.17, 3, 720.51),
(81, 81, 195.28, 3, 585.84),
(82, 82, 429.79, 3, 1289.37),
(83, 83, 340.77, 3, 1022.31),
(84, 84, 411.22, 3, 1233.66),
(85, 85, 393.94, 3, 1181.82),
(86, 86, 463.66, 1, 463.66),
(87, 87, 417.78, 2, 835.56),
(88, 88, 233.63, 2, 467.26),
(89, 89, 325.52, 2, 651.04),
(90, 90, 217.76, 1, 217.76),
(91, 91, 129.0, 1, 129.0),
(92, 92, 178.62, 3, 535.86),
(93, 93, 326.68, 1, 326.68),
(94, 94, 474.4, 3, 1423.2),
(95, 95, 439.29, 1, 439.29),
(96, 96, 247.22, 3, 741.66),
(97, 97, 349.52, 1, 349.52),
(98, 98, 410.53, 2, 821.06),
(99, 99, 421.48, 2, 842.96),
(100, 100, 440.53, 2, 881.06);